total_spend,CustomerID
1447682.12,
279489.02,14646.0
256438.49,18102.0
187482.17,17450.0
132572.62,14911.0
123725.45,12415.0
113384.14,14156.0
88125.38,17511.0
65892.08,16684.0
62653.1,13694.0
59419.34,15311.0
57385.88,13089.0
57120.91,14096.0
54228.74,15061.0
52750.84,17949.0
51823.72,15769.0
50992.61,16029.0
50862.44,14298.0
50415.49,14088.0
40340.78,17841.0
36351.42,13798.0
33805.69,16422.0
33462.81,12931.0
33366.25,16013.0
33350.76,15838.0
31300.08,17389.0
30300.82,17404.0
29072.1,12748.0
28658.88,13098.0
27964.48,13081.0
27487.41,13408.0
26932.34,14680.0
26763.34,17857.0
26626.8,16333.0
25748.35,13777.0
21535.9,15749.0
21086.3,16210.0
21024.01,12753.0
20272.43,17381.0
20098.1,17675.0
19786.44,15039.0
18793.41,12731.0
18740.92,12471.0
18573.68,15159.0
17588.26,12678.0
17078.45,17428.0
16989.52,13881.0
16945.71,13767.0
16389.74,12921.0
16293.1,12901.0
16219.22,17677.0
16173.67,15856.0
15802.14,15189.0
15477.34,14051.0
15357.78,16839.0
14634.64,14031.0
14520.08,15513.0
14305.66,16133.0
14197.45,14866.0
13946.13,16705.0
13677.59,12681.0
13612.07,12621.0
13375.87,12433.0
13309.04,12540.0
13117.01,12477.0
13110.02,17735.0
12650.08,14258.0
12433.34,15640.0
12432.28,13078.0
12396.46,15498.0
12393.7,16000.0
12288.22,12682.0
11990.96,12557.0
11895.57,16525.0
11891.18,17340.0
11713.85,14606.0
11581.8,12939.0
11341.1,14607.0
11216.75,14194.0
11117.05,15125.0
11056.93,12409.0
11020.26,14895.0
10930.26,12971.0
10736.48,13340.0
10736.11,17581.0
10664.34,13319.0
10641.6,14769.0
10585.57,17139.0
10510.0,13113.0
10464.85,14062.0
10454.05,16779.0
10380.43,17107.0
10360.04,15615.0
10327.11,15251.0
10217.48,16180.0
10183.82,16843.0
10158.54,17865.0
10097.37,17706.0
9861.38,12590.0
9803.96,13199.0
9797.92,13001.0
9623.35,15078.0
9537.92,13458.0
9451.54,14733.0
9295.67,16523.0
9294.1,12709.0
9231.2,14667.0
9167.82,14367.0
9120.39,12744.0
9114.94,12567.0
9065.76,18092.0
8986.69,13969.0
8933.52,12451.0
8910.61,13488.0
8727.61,16033.0
8689.39,13090.0
8628.55,17243.0
8600.73,17306.0
8574.11,17017.0
8568.24,16656.0
8393.22,18139.0
8257.04,16558.0
8234.8,15358.0
8221.09,12683.0
8124.4,14056.0
8117.42,14936.0
8093.59,16672.0
8025.02,13854.0
7925.32,18109.0
7912.79,14952.0
7904.28,14849.0
7877.2,12428.0
7839.51,14796.0
7829.89,12435.0
7803.77,15290.0
7792.36,13629.0
7741.47,13093.0
7711.38,14527.0
7677.71,17811.0
7629.38,15044.0
7521.17,15194.0
7490.17,18172.0
7454.07,13263.0
7330.8,17396.0
7276.9,18229.0
7272.75,13018.0
7187.34,12583.0
7170.7,16745.0
7116.47,12474.0
7092.06,12980.0
7076.28,16729.0
7072.8,13324.0
7066.31,16873.0
7024.53,13985.0
7006.58,14961.0
6989.63,12766.0
6977.04,12798.0
6945.02,15465.0
6912.0,13027.0
6854.51,12989.0
6841.24,16187.0
6840.23,16713.0
6838.34,17416.0
6814.24,12705.0
6763.16,15023.0
6752.14,18055.0
6748.8,16532.0
6748.4,12830.0
6745.36,15601.0
6703.3,13576.0
6694.31,16746.0
6675.71,16353.0
6666.83,16923.0
6657.36,15249.0
6654.26,16652.0
6617.65,16182.0
6612.18,17338.0
6568.72,15482.0
6546.58,12476.0
6530.04,15144.0
6500.6,16814.0
6423.6,15694.0
6416.39,12431.0
6389.8,13871.0
6388.35,12626.0
6336.29,13102.0
6315.23,18223.0
6287.77,16126.0
6249.11,13709.0
6245.53,12359.0
6229.48,12472.0
6216.07,13668.0
6207.67,12357.0
6204.46,17315.0
6180.49,15005.0
6147.4,14057.0
6135.38,14060.0
6102.26,15939.0
6100.74,17509.0
6083.04,13225.0
5976.79,14101.0
5953.25,12637.0
5927.86,15382.0
5893.32,13097.0
5845.44,13418.0
5842.95,14944.0
5820.16,13209.0
5818.7,14505.0
5815.49,13316.0
5811.56,14415.0
5807.69,14735.0
5756.89,15218.0
5739.46,17686.0
5725.47,13178.0
5713.28,12720.0
5684.61,13050.0
5669.65,14110.0
5664.57,16553.0
5656.75,13468.0
5639.15,14049.0
5613.43,13004.0
5613.08,13534.0
5595.77,18118.0
5594.78,17049.0
5590.86,12481.0
5585.49,17757.0
5583.62,12839.0
5580.6,16767.0
5541.46,15502.0
5505.79,17716.0
5461.62,16985.0
5452.17,15805.0
5450.96,16609.0
5423.15,16265.0
5417.93,12490.0
5367.8,17719.0
5361.02,18225.0
5352.97,16161.0
5315.92,13269.0
5305.83,16303.0
5303.97,15150.0
5288.83,17730.0
5288.63,17850.0
5203.51,16258.0
5192.1,18226.0
5178.96,15727.0
5155.66,17858.0
5154.58,12362.0
5150.27,16701.0
5145.12,13756.0
5126.34,15903.0
5116.13,17061.0
5107.38,14688.0
5083.06,18198.0
5064.01,15046.0
5059.32,12432.0
5055.79,13139.0
5050.77,17602.0
5043.96,15719.0
5040.0,16700.0
5030.6,13599.0
5028.12,15301.0
5022.26,17426.0
5005.46,12444.0
4965.38,14755.0
4954.84,15547.0
4928.74,14329.0
4913.32,16191.0
4912.41,13941.0
4911.14,14709.0
4896.66,12437.0
4892.24,17133.0
4873.81,12688.0
4867.99,12700.0
4863.88,12664.0
4834.2,15786.0
4819.33,14292.0
4801.56,17365.0
4788.77,15738.0
4786.99,13013.0
4758.2,15555.0
4748.45,17690.0
4737.13,17652.0
4734.26,12955.0
4711.21,16722.0
4709.22,14562.0
4708.86,12714.0
4690.31,14135.0
4684.24,15152.0
4678.3,14159.0
4670.08,15187.0
4660.01,14191.0
4640.77,14180.0
4627.62,17809.0
4604.31,14189.0
4604.22,16931.0
4596.51,15291.0
4595.81,14286.0
4592.47,14390.0
4582.64,14004.0
4531.34,17068.0
4509.37,17613.0
4495.27,12484.0
4485.72,12524.0
4478.53,12627.0
4464.1,15032.0
4455.73,17364.0
4435.79,14085.0
4410.14,15093.0
4404.44,13267.0
4393.61,17975.0
4392.42,16984.0
4389.81,15955.0
4379.65,16626.0
4366.78,12752.0
4345.5,16945.0
4330.67,15874.0
4328.46,14016.0
4314.72,18251.0
4310.0,12347.0
4301.22,17937.0
4282.88,13505.0
4277.66,15034.0
4263.64,14422.0
4241.63,12712.0
4236.34,14800.0
4227.7,12757.0
4221.37,14525.0
4206.27,12500.0
4204.1,17920.0
4200.97,17419.0
4199.85,15971.0
4196.01,12747.0
4161.14,18041.0
4154.64,16549.0
4149.28,13555.0
4143.02,12949.0
4122.28,13384.0
4109.97,15570.0
4106.82,12536.0
4098.8,13988.0
4075.35,14534.0
4073.28,16592.0
4067.29,12449.0
4064.99,12569.0
4063.1,14092.0
4061.24,16401.0
4039.98,14401.0
4022.46,16670.0
4014.91,13815.0
4012.56,17567.0
4008.62,12378.0
3991.94,16186.0
3989.57,17001.0
3986.74,14547.0
3986.22,12867.0
3982.72,12656.0
3979.04,12957.0
3974.37,15416.0
3967.78,15529.0
3960.63,17769.0
3957.78,13183.0
3957.0,14277.0
3947.87,17611.0
3947.7,12727.0
3925.92,17377.0
3918.9,14426.0
3911.56,17593.0
3906.27,13802.0
3899.1,14739.0
3886.67,17651.0
3876.4,12841.0
3873.3,14291.0
3868.7,12779.0
3868.2,12749.0
3866.33,13124.0
3865.26,13999.0
3864.44,18073.0
3861.0,15195.0
3852.5,12539.0
3848.55,15804.0
3844.22,16327.0
3817.08,12662.0
3802.81,17091.0
3797.79,15867.0
3794.52,16655.0
3794.49,13435.0
3787.09,15299.0
3781.74,12562.0
3774.1,15298.0
3770.6,16168.0
3770.12,18087.0
3755.65,17173.0
3755.38,13523.0
3754.27,16904.0
3750.4,12429.0
3744.65,17238.0
3743.18,12668.0
3741.98,16145.0
3729.34,14282.0
3724.77,15808.0
3723.87,12502.0
3717.82,13069.0
3717.67,13266.0
3717.35,14364.0
3693.81,16240.0
3683.13,12597.0
3669.92,12647.0
3665.62,16253.0
3661.07,17819.0
3652.25,12553.0
3651.97,18079.0
3650.87,15845.0
3645.43,16712.0
3640.67,16440.0
3631.89,15379.0
3626.81,13381.0
3622.95,16570.0
3617.57,13327.0
3610.31,15296.0
3605.08,13137.0
3598.26,16242.0
3595.48,13082.0
3580.13,14132.0
3578.8,12417.0
3563.85,17203.0
3563.11,15484.0
3550.7,13426.0
3545.69,12370.0
3543.26,14503.0
3542.51,15544.0
3542.19,14040.0
3541.92,17491.0
3540.1,17528.0
3539.53,13552.0
3536.82,13334.0
3518.03,17160.0
3515.68,13953.0
3506.54,16131.0
3497.14,15505.0
3487.75,13520.0
3482.74,16458.0
3478.85,14907.0
3471.91,14395.0
3466.67,17230.0
3465.67,13448.0
3457.78,17576.0
3456.7,17758.0
3450.84,15410.0
3450.24,16019.0
3448.29,13536.0
3447.4,15129.0
3439.41,15113.0
3429.97,15581.0
3429.55,15974.0
3427.85,14221.0
3411.69,16360.0
3409.66,13993.0
3408.48,15981.0
3408.06,13437.0
3406.72,17669.0
3385.62,13842.0
3384.09,13198.0
3376.96,15228.0
3371.13,17725.0
3365.43,13014.0
3362.71,16011.0
3348.48,13148.0
3346.28,13015.0
3344.64,12643.0
3329.72,15708.0
3324.09,15676.0
3320.22,12594.0
3317.97,16818.0
3315.71,14227.0
3313.79,16556.0
3312.25,13373.0
3295.76,14841.0
3286.91,17183.0
3281.63,12480.0
3280.75,12406.0
3278.36,16717.0
3276.4,17723.0
3250.64,14702.0
3246.091,13952.0
3245.47,15764.0
3228.84,17050.0
3224.53,15622.0
3219.77,13880.0
3218.98,12613.0
3214.81,12619.0
3212.16,15443.0
3204.16,16107.0
3198.25,17220.0
3192.54,13868.0
3191.53,17685.0
3190.55,13758.0
3189.81,14844.0
3172.04,14388.0
3167.73,16837.0
3167.64,13268.0
3166.4,16041.0
3160.0,17863.0
3153.89,12456.0
3148.2,14145.0
3147.31,15632.0
3135.98,15065.0
3127.82,17231.0
3119.44,13685.0
3108.06,14175.0
3106.62,17672.0
3104.95,13869.0
3102.42,13742.0
3096.0,13135.0
3095.04,17059.0
3093.86,14235.0
3092.97,14099.0
3090.85,15491.0
3087.27,14257.0
3085.96,16326.0
3085.49,13362.0
3085.48,16905.0
3084.17,15998.0
3079.1,13047.0
3075.04,12910.0
3073.77,14565.0
3064.78,18272.0
3054.87,16218.0
3049.88,16940.0
3047.63,14456.0
3043.48,16686.0
3038.67,16607.0
3029.87,16709.0
3026.08,17799.0
3024.62,16156.0
3021.77,13631.0
3017.3,18094.0
3013.83,16678.0
3002.68,12598.0
3000.36,15861.0
2998.28,12395.0
2995.72,14307.0
2986.15,12670.0
2982.35,12916.0
2981.5,15687.0
2974.65,15854.0
2965.69,16497.0
2963.19,15514.0
2954.75,17659.0
2952.34,14639.0
2949.75,17084.0
2949.57,14146.0
2949.12,12754.0
2941.05,16393.0
2940.04,17444.0
2939.64,14868.0
2929.84,14032.0
2925.91,14530.0
2920.04,17512.0
2919.81,12906.0
2916.45,13451.0
2916.17,14543.0
2906.85,12438.0
2894.33,17924.0
2888.75,18144.0
2881.02,15673.0
2879.7,14251.0
2878.15,16633.0
2874.72,14005.0
2867.2,13901.0
2865.64,15628.0
2863.08,12685.0
2861.55,18145.0
2855.35,14299.0
2848.23,12473.0
2842.57,12408.0
2841.09,14535.0
2838.2,14711.0
2836.69,14852.0
2827.93,17596.0
2817.03,13174.0
2816.97,15984.0
2811.43,12356.0
2806.9,16081.0
2803.69,14572.0
2791.59,12758.0
2786.05,17739.0
2781.5,16928.0
2780.66,12388.0
2774.17,14112.0
2771.87,13769.0
2768.98,17644.0
2766.5,15356.0
2766.18,13735.0
2763.41,13230.0
2761.49,16871.0
2760.56,15114.0
2758.25,16764.0
2757.07,14626.0
2756.82,15993.0
2755.56,16316.0
2753.36,12578.0
2751.25,13870.0
2749.89,14854.0
2745.28,17504.0
2744.48,14903.0
2741.08,17213.0
2740.43,14125.0
2740.3,14121.0
2735.37,16003.0
2720.56,12380.0
2716.6,18230.0
2714.27,12840.0
2709.12,13285.0
2707.33,13654.0
2702.22,13971.0
2692.85,18097.0
2688.48,14107.0
2686.42,17386.0
2686.34,14732.0
2666.61,15796.0
2664.26,14713.0
2662.06,12360.0
2661.24,14439.0
2655.22,17069.0
2651.46,13851.0
2650.73,15321.0
2644.46,15696.0
2635.79,13804.0
2635.49,15671.0
2633.85,17402.0
2633.01,18077.0
2631.7,13771.0
2630.64,16618.0
2628.98,12721.0
2628.93,15752.0
2622.57,17965.0
2621.38,18210.0
2618.23,14262.0
2616.32,12708.0
2614.32,12625.0
2612.86,12836.0
2611.58,17346.0
2609.3,16255.0
2609.1,12726.0
2607.87,16241.0
2606.53,14408.0
2601.55,13422.0
2597.52,13644.0
2596.45,16919.0
2595.0,18260.0
2593.94,15782.0
2590.46,13983.0
2588.12,13895.0
2584.4,13021.0
2582.51,12520.0
2581.04,12600.0
2580.91,13911.0
2575.0,15485.0
2574.65,15521.0
2571.74,17655.0
2571.02,15033.0
2560.0,16308.0
2556.68,14397.0
2552.86,15572.0
2545.38,13136.0
2543.72,13344.0
2543.24,14676.0
2539.46,14334.0
2538.75,13883.0
2538.72,18075.0
2535.88,14243.0
2531.58,13471.0
2528.67,16912.0
2524.02,17317.0
2515.84,15245.0
2515.68,17728.0
2514.76,17314.0
2508.89,17700.0
2507.56,18245.0
2504.86,17449.0
2504.13,13695.0
2503.23,13975.0
2494.46,16477.0
2487.02,14546.0
2486.22,14701.0
2485.82,15271.0
2483.63,12913.0
2483.04,16710.0
2479.16,13507.0
2466.86,12455.0
2466.4,17164.0
2464.89,12517.0
2463.17,17131.0
2462.79,13784.0
2461.85,15932.0
2459.33,17682.0
2456.98,14315.0
2456.8,14842.0
2456.53,14659.0
2451.23,15750.0
2445.91,14163.0
2445.12,13588.0
2427.32,13949.0
2423.07,14766.0
2422.64,15606.0
2421.47,13658.0
2420.84,15089.0
2419.84,16143.0
2409.9,12397.0
2404.17,17589.0
2398.86,15980.0
2385.8,13141.0
2385.48,17071.0
2385.0,17530.0
2381.04,14554.0
2380.64,17722.0
2380.08,18065.0
2372.86,14930.0
2369.16,13722.0
2362.84,14493.0
2361.97,17634.0
2360.55,15370.0
2360.09,14030.0
2357.68,14440.0
2351.02,14502.0
2350.0,15140.0
2348.82,15527.0
2347.05,13908.0
2338.6,18259.0
2333.42,17434.0
2327.13,12483.0
2323.5,14239.0
2319.68,14309.0
2318.88,15755.0
2313.14,13994.0
2312.8,13394.0
2312.7,17838.0
2307.45,14290.0
2306.52,15288.0
2303.75,15785.0
2299.67,17211.0
2298.93,15105.0
2298.2,15270.0
2295.37,17954.0
2295.31,13704.0
2293.62,15704.0
2291.19,12615.0
2291.08,17744.0
2288.13,17313.0
2283.63,12684.0
2275.58,17188.0
2273.32,12782.0
2273.18,17768.0
2272.4,14466.0
2269.21,16735.0
2266.25,16550.0
2265.38,18257.0
2265.12,13700.0
2263.76,13527.0
2262.62,16209.0
2255.51,14432.0
2247.51,15235.0
2246.81,16771.0
2242.25,16782.0
2242.01,15665.0
2239.95,15281.0
2236.74,16293.0
2235.3,14700.0
2232.49,18242.0
2226.91,14825.0
2220.84,12704.0
2218.02,12876.0
2215.02,17591.0
2213.11,15373.0
2210.26,17442.0
2209.85,12653.0
2208.3,14211.0
2207.4,15797.0
2205.63,13115.0
2203.2,12755.0
2202.99,13831.0
2202.31,13680.0
2201.64,14226.0
2201.05,17696.0
2199.31,15123.0
2195.58,14776.0
2191.84,16743.0
2191.22,13365.0
2187.31,13862.0
2186.2,15179.0
2183.54,15394.0
2183.04,16628.0
2181.21,15722.0
2175.37,14808.0
2174.18,14560.0
2173.53,16076.0
2171.32,15811.0
2166.38,14341.0
2162.68,12856.0
2158.37,16456.0
2156.45,12935.0
2154.68,13755.0
2150.85,13224.0
2148.47,16966.0
2144.53,17272.0
2140.63,12633.0
2140.22,16057.0
2140.07,13317.0
2139.76,14828.0
2131.9,16379.0
2129.96,17400.0
2128.83,12909.0
2128.23,14360.0
2126.93,16407.0
2124.99,15058.0
2119.41,18061.0
2117.02,13632.0
2116.19,18008.0
2114.33,14691.0
2111.08,14407.0
2109.07,13517.0
2107.66,13265.0
2106.84,18173.0
2103.06,14461.0
2102.09,14515.0
2101.39,12560.0
2100.6,15815.0
2095.13,17191.0
2094.88,18283.0
2092.32,13571.0
2089.85,13297.0
2089.68,12501.0
2087.88,14810.0
2085.65,18044.0
2085.08,16954.0
2084.9,15834.0
2083.42,18093.0
2083.42,14306.0
2070.97,14696.0
2068.15,14482.0
2067.13,14209.0
2066.17,18231.0
2062.7,12928.0
2062.06,16281.0
2059.2,17861.0
2058.09,18241.0
2057.99,12610.0
2056.89,12518.0
2056.29,13126.0
2055.51,17667.0
2053.7,12948.0
2050.08,17086.0
2047.0,17625.0
2044.37,17597.0
2043.93,14232.0
2043.72,13450.0
2042.15,14640.0
2041.85,17090.0
2033.1,17846.0
2030.33,14001.0
2028.88,16409.0
2024.95,16358.0
2024.45,14544.0
2023.47,16875.0
2021.82,18069.0
2020.52,15341.0
2019.77,18219.0
2018.91,14188.0
2012.17,14506.0
2007.44,15531.0
2007.4,15372.0
2005.63,16098.0
2005.06,14730.0
2003.85,17082.0
2002.4,16754.0
2000.86,13305.0
1998.49,18188.0
1998.0,16698.0
1995.68,13630.0
1995.46,17827.0
1992.76,17612.0
1992.11,17679.0
1991.01,17088.0
1990.28,13593.0
1990.12,13495.0
1983.58,17940.0
1982.81,12585.0
1979.3,18204.0
1976.12,13590.0
1967.25,15493.0
1965.9,14462.0
1965.55,17790.0
1960.72,17218.0
1959.38,16341.0
1957.32,14498.0
1952.45,17554.0
1947.55,14653.0
1944.32,17337.0
1937.25,14418.0
1936.84,14472.0
1931.42,14978.0
1930.15,14655.0
1928.72,17406.0
1926.88,17490.0
1925.36,14217.0
1922.28,12528.0
1922.1,13246.0
1920.2,16983.0
1919.31,12674.0
1917.78,12457.0
1911.89,15518.0
1910.01,14285.0
1908.25,16426.0
1908.25,14409.0
1906.09,17228.0
1906.07,16150.0
1905.45,15819.0
1904.05,14250.0
1903.13,16938.0
1900.89,14210.0
1898.52,12762.0
1894.11,16942.0
1893.95,12584.0
1889.4,17870.0
1888.84,14934.0
1887.96,12371.0
1887.2,15641.0
1881.7,12853.0
1881.36,17463.0
1880.42,16170.0
1880.22,16128.0
1875.11,17293.0
1873.2,16986.0
1872.28,15021.0
1869.5,15157.0
1867.69,15367.0
1867.68,14524.0
1865.19,17787.0
1863.35,17738.0
1862.14,15351.0
1862.0,14887.0
1861.11,13982.0
1860.86,13890.0
1853.13,17422.0
1849.11,12423.0
1848.98,13421.0
1843.75,18180.0
1843.06,17469.0
1843.0,12950.0
1842.73,15814.0
1842.56,17015.0
1842.14,16102.0
1841.18,16455.0
1841.03,12963.0
1839.31,12383.0
1839.3,14216.0
1839.07,17519.0
1837.92,14459.0
1837.28,18287.0
1829.04,16152.0
1827.8,15203.0
1826.21,18122.0
1824.23,16153.0
1822.97,16169.0
1821.52,16201.0
1812.62,14533.0
1811.47,16474.0
1809.81,13725.0
1809.34,13650.0
1809.05,16979.0
1805.91,13048.0
1803.96,12381.0
1803.76,14305.0
1801.14,15812.0
1800.07,16249.0
1799.33,13562.0
1797.78,13196.0
1797.57,17750.0
1797.24,12348.0
1796.48,18235.0
1793.17,18179.0
1789.55,17648.0
1788.27,17663.0
1786.79,13875.0
1785.16,13510.0
1785.15,14608.0
1784.71,14935.0
1784.12,17629.0
1781.12,17705.0
1780.77,15260.0
1780.59,16380.0
1777.92,14215.0
1777.78,17092.0
1776.81,13481.0
1774.62,16841.0
1773.92,16719.0
1770.56,14387.0
1770.34,16681.0
1769.78,15864.0
1767.53,15594.0
1765.76,14621.0
1764.72,16751.0
1764.36,17873.0
1760.96,12424.0
1759.5,12823.0
1758.92,15220.0
1757.55,12349.0
1755.38,12645.0
1747.66,13808.0
1745.57,12523.0
1744.76,15067.0
1744.02,15674.0
1740.63,13134.0
1740.6,14595.0
1740.48,17930.0
1740.0,17353.0
1739.92,17754.0
1738.59,15241.0
1737.82,13456.0
1737.7,17457.0
1736.4,14673.0
1735.18,17043.0
1727.17,15050.0
1721.57,13157.0
1719.72,17702.0
1717.36,15267.0
1714.6,17813.0
1710.39,12405.0
1708.86,13094.0
1708.24,15947.0
1708.12,12407.0
1707.21,17162.0
1706.88,16902.0
1706.28,16791.0
1705.26,15950.0
1703.41,17282.0
1701.94,16007.0
1698.94,13824.0
1698.35,14834.0
1695.66,16775.0
1693.88,12764.0
1692.98,16813.0
1692.27,16671.0
1689.46,13763.0
1689.18,12635.0
1685.57,15240.0
1682.36,15380.0
1682.08,13924.0
1680.76,12843.0
1679.64,17147.0
1677.48,14245.0
1676.47,16638.0
1676.06,13149.0
1674.69,17656.0
1674.46,17193.0
1670.22,13647.0
1667.97,16115.0
1662.3,12912.0
1661.44,15214.0
1661.33,15024.0
1661.06,15332.0
1659.75,14045.0
1658.3,13577.0
1655.76,15549.0
1651.03,16711.0
1649.36,15826.0
1648.95,17451.0
1648.79,13184.0
1647.26,13750.0
1644.99,13162.0
1641.76,15002.0
1641.68,17284.0
1641.48,15827.0
1641.2,14837.0
1635.66,12398.0
1634.53,15953.0
1631.77,14164.0
1631.15,16398.0
1628.12,12377.0
1627.13,16515.0
1625.97,14759.0
1625.05,16987.0
1624.21,13425.0
1624.05,15172.0
1624.02,13627.0
1623.63,12530.0
1622.22,17673.0
1621.73,17101.0
1620.93,14178.0
1617.63,14937.0
1614.91,14336.0
1612.79,18161.0
1612.13,15122.0
1611.59,14312.0
1610.46,13614.0
1610.15,14918.0
1607.73,12669.0
1607.06,12868.0
1604.44,15791.0
1603.87,12783.0
1603.72,14573.0
1603.46,16466.0
1601.86,16992.0
1599.97,17828.0
1598.24,14587.0
1592.18,14719.0
1592.06,14970.0
1586.81,13850.0
1583.2,16332.0
1582.6,12393.0
1578.67,16889.0
1575.16,13634.0
1573.41,18178.0
1568.39,15611.0
1567.48,15111.0
1562.22,16496.0
1562.12,13814.0
1561.61,18239.0
1560.53,17837.0
1558.72,16676.0
1555.32,13313.0
1555.05,17085.0
1554.48,14038.0
1553.66,16369.0
1552.01,15660.0
1550.85,13659.0
1550.13,15117.0
1548.07,12865.0
1546.91,14704.0
1545.41,12352.0
1545.14,14441.0
1544.62,14442.0
1542.14,15701.0
1540.42,16365.0
1539.69,13186.0
1539.18,13397.0
1537.95,13849.0
1535.77,12877.0
1534.73,17159.0
1531.51,16283.0
1531.44,12759.0
1530.75,14321.0
1524.46,14567.0
1524.4,15620.0
1524.07,13107.0
1522.75,16244.0
1522.25,16434.0
1521.87,16066.0
1521.79,15906.0
1521.76,13764.0
1520.12,16790.0
1519.08,16880.0
1518.43,13213.0
1517.88,12818.0
1517.08,15532.0
1515.9,16748.0
1515.73,15392.0
1511.95,16053.0
1511.3,17997.0
1510.06,16910.0
1506.12,15265.0
1504.56,15625.0
1504.27,12937.0
1503.5,17152.0
1502.35,15530.0
1501.38,16762.0
1498.51,17571.0
1496.68,16279.0
1491.7,13320.0
1491.24,15916.0
1489.5,15057.0
1487.8,14963.0
1487.78,17002.0
1487.6,17553.0
1486.9,16395.0
1485.54,14878.0
1485.13,14414.0
1484.63,16755.0
1484.06,14758.0
1483.56,18016.0
1483.31,16016.0
1483.14,15427.0
1479.22,17590.0
1475.02,15983.0
1474.06,14246.0
1469.45,16348.0
1468.12,12826.0
1466.87,13692.0
1465.2,15473.0
1463.04,12882.0
1461.65,14541.0
1460.37,16359.0
1459.86,16059.0
1456.79,13309.0
1452.87,13110.0
1451.28,15987.0
1450.6,14229.0
1448.72,14875.0
1447.51,14233.0
1447.14,14591.0
1446.95,16817.0
1446.09,17073.0
1445.0,13461.0
1441.53,13477.0
1441.42,15478.0
1438.85,15858.0
1434.72,14404.0
1432.26,13717.0
1432.0,14566.0
1431.78,13475.0
1430.94,17175.0
1429.9,15426.0
1429.64,16103.0
1428.02,14035.0
1427.46,16996.0
1426.31,14403.0
1423.29,16271.0
1423.21,14740.0
1421.59,17063.0
1421.43,16503.0
1419.73,17288.0
1419.54,15128.0
1418.26,15444.0
1418.03,18116.0
1417.29,14649.0
1415.29,16012.0
1414.99,14901.0
1412.94,17004.0
1412.32,15237.0
1412.06,16394.0
1407.73,15106.0
1407.29,12947.0
1406.57,16173.0
1405.78,17083.0
1400.88,14443.0
1400.34,14741.0
1398.96,14019.0
1396.99,18202.0
1393.79,17856.0
1393.06,17354.0
1391.61,15051.0
1390.5,13414.0
1389.41,13516.0
1388.81,16539.0
1388.37,15453.0
1387.99,15134.0
1384.85,17311.0
1384.68,15898.0
1384.25,13572.0
1383.7,16463.0
1383.49,13995.0
1383.27,17676.0
1382.84,12952.0
1382.74,14116.0
1382.02,16726.0
1379.75,13159.0
1377.92,14113.0
1375.71,15569.0
1372.8,14434.0
1370.87,16669.0
1368.18,14507.0
1367.61,13308.0
1366.38,14897.0
1364.7,15095.0
1362.27,16389.0
1357.6,13232.0
1355.51,18167.0
1353.83,17054.0
1353.41,13813.0
1352.91,17204.0
1352.75,15116.0
1352.36,16245.0
1352.04,14859.0
1352.0,16079.0
1351.45,12770.0
1351.24,12775.0
1351.09,12886.0
1349.52,17368.0
1346.97,12646.0
1346.38,15411.0
1345.62,14154.0
1343.34,15596.0
1342.68,17372.0
1341.65,16317.0
1340.7,16045.0
1340.15,13743.0
1339.63,15398.0
1339.45,15734.0
1339.41,12620.0
1337.48,16110.0
1336.1,17621.0
1333.68,15680.0
1331.57,17932.0
1331.39,12676.0
1330.45,15365.0
1329.66,16493.0
1328.55,16295.0
1325.82,15059.0
1325.29,13396.0
1320.56,16370.0
1319.69,15563.0
1317.62,16083.0
1316.66,12526.0
1316.07,14921.0
1314.73,14102.0
1314.68,16464.0
1314.45,14973.0
1314.17,18177.0
1313.66,15146.0
1313.55,16040.0
1313.1,12364.0
1312.06,12516.0
1311.79,14748.0
1311.62,13012.0
1311.38,14856.0
1310.47,13501.0
1310.14,13168.0
1308.48,13328.0
1307.81,14477.0
1307.41,14071.0
1306.98,12576.0
1304.76,16744.0
1304.04,17919.0
1303.91,15813.0
1303.63,12463.0
1301.44,12919.0
1299.23,15494.0
1298.66,12488.0
1298.04,12372.0
1296.44,17961.0
1295.39,16929.0
1295.3,16224.0
1294.14,16120.0
1291.75,15108.0
1290.01,14047.0
1289.94,14738.0
1289.15,12854.0
1285.22,16571.0
1284.08,17671.0
1284.06,14297.0
1282.45,15136.0
1281.56,16899.0
1281.53,13878.0
1280.85,13538.0
1279.09,14267.0
1276.0,16692.0
1272.61,17019.0
1272.48,12394.0
1272.11,14794.0
1270.88,12630.0
1269.99,14669.0
1269.84,13492.0
1269.1,13431.0
1268.7,15199.0
1267.41,14511.0
1266.97,17158.0
1266.08,13989.0
1264.84,14916.0
1262.75,16951.0
1261.78,15009.0
1260.86,16688.0
1260.44,16842.0
1260.33,14105.0
1259.7,15497.0
1259.56,17388.0
1258.38,14665.0
1258.06,17412.0
1258.06,12507.0
1256.19,17350.0
1255.0,13848.0
1253.36,17262.0
1253.22,17037.0
1251.84,17802.0
1250.76,14698.0
1250.37,13151.0
1249.34,17481.0
1247.69,14383.0
1247.61,12689.0
1247.5,13029.0
1246.32,15004.0
1245.96,16101.0
1244.59,16531.0
1242.34,17633.0
1240.2,17588.0
1240.0,13860.0
1237.85,14893.0
1236.28,14684.0
1233.36,15376.0
1232.18,15910.0
1231.5,18080.0
1230.93,13931.0
1230.14,14428.0
1228.32,14898.0
1227.43,14913.0
1227.3,17584.0
1226.88,12412.0
1219.4,15227.0
1215.82,13491.0
1215.62,12985.0
1215.46,17774.0
1214.72,17410.0
1212.84,13918.0
1212.05,12464.0
1211.08,18263.0
1209.1,15841.0
1208.51,18171.0
1205.9,13208.0
1201.96,13055.0
1201.51,16794.0
1201.49,16800.0
1201.06,13158.0
1200.62,17320.0
1199.01,17800.0
1198.23,15605.0
1197.94,12997.0
1197.42,13211.0
1195.94,17720.0
1194.75,12967.0
1194.73,15145.0
1193.32,12611.0
1188.32,14064.0
1187.66,16612.0
1186.28,13752.0
1183.58,14487.0
1180.4,15630.0
1179.89,17058.0
1178.56,16950.0
1175.88,17653.0
1174.58,12640.0
1174.35,15306.0
1169.38,16639.0
1168.06,12358.0
1167.16,14745.0
1166.92,16653.0
1165.65,14857.0
1164.55,14737.0
1163.45,14261.0
1163.23,14447.0
1161.27,16949.0
1159.52,17348.0
1158.77,15621.0
1158.3,14723.0
1158.27,12885.0
1158.2,13611.0
1156.36,13744.0
1155.54,16184.0
1153.62,16062.0
1152.06,12657.0
1147.37,16042.0
1146.96,13499.0
1145.84,17505.0
1145.6,16766.0
1145.43,15810.0
1143.6,12769.0
1143.27,17770.0
1141.5,12546.0
1141.34,18125.0
1141.24,16270.0
1140.93,13330.0
1140.35,13819.0
1140.27,15088.0
1140.21,16172.0
1139.73,17135.0
1139.35,12494.0
1138.0,17500.0
1136.77,13500.0
1135.04,17242.0
1133.64,18168.0
1133.25,16989.0
1133.07,17585.0
1132.13,13772.0
1131.56,15500.0
1131.28,13882.0
1130.57,12710.0
1127.71,14824.0
1126.85,12609.0
1125.07,17470.0
1125.0,13118.0
1124.59,16637.0
1124.01,12462.0
1123.86,14129.0
1122.53,15436.0
1122.41,13486.0
1121.59,16807.0
1121.21,15737.0
1119.93,17302.0
1119.81,17894.0
1119.49,13064.0
1119.31,16086.0
1118.99,12842.0
1118.81,15716.0
1117.9,17788.0
1117.13,13591.0
1116.57,14971.0
1115.43,13610.0
1111.79,16049.0
1110.52,14161.0
1110.34,14817.0
1109.53,15069.0
1108.65,12399.0
1108.38,15730.0
1107.46,15933.0
1107.38,17562.0
1106.53,16833.0
1106.4,12857.0
1104.23,13447.0
1103.92,17609.0
1100.9,17047.0
1100.47,16350.0
1098.78,15978.0
1098.48,13104.0
1098.43,17966.0
1096.67,14708.0
1096.32,16225.0
1095.08,13652.0
1093.68,15608.0
1093.65,13521.0
1092.77,13476.0
1090.03,15489.0
1089.18,12534.0
1088.53,14744.0
1088.2,17095.0
1084.34,18189.0
1083.71,13467.0
1083.63,15602.0
1083.63,13310.0
1080.76,14561.0
1080.62,16200.0
1079.66,13726.0
1079.4,12354.0
1078.96,16980.0
1078.96,14352.0
1077.74,16563.0
1072.36,15712.0
1071.24,15745.0
1071.03,13635.0
1070.71,17522.0
1070.65,13761.0
1070.48,14212.0
1066.57,14948.0
1065.77,17041.0
1065.35,17277.0
1064.11,17287.0
1063.46,12815.0
1063.0,14411.0
1062.75,16214.0
1058.67,12679.0
1058.62,14465.0
1058.06,14419.0
1056.94,13853.0
1056.54,15238.0
1056.44,15407.0
1055.35,14514.0
1054.73,15977.0
1054.67,16728.0
1053.94,13715.0
1053.49,12716.0
1052.55,14583.0
1051.95,15027.0
1050.89,12849.0
1050.12,14224.0
1049.37,14078.0
1048.85,15464.0
1048.67,15763.0
1047.84,13282.0
1047.68,13791.0
1047.43,14488.0
1046.56,14293.0
1045.74,18130.0
1044.78,15996.0
1044.38,17042.0
1044.32,15192.0
1043.34,16918.0
1043.1,12497.0
1042.55,17727.0
1042.19,15801.0
1042.07,12951.0
1041.83,16094.0
1041.68,13719.0
1039.58,14446.0
1039.3,13131.0
1038.46,16320.0
1037.59,16175.0
1037.42,15985.0
1036.62,16520.0
1035.8,12691.0
1035.45,16260.0
1034.5,15171.0
1033.34,13639.0
1033.31,18221.0
1032.58,12599.0
1031.41,12724.0
1030.4,13253.0
1030.14,17033.0
1029.26,14584.0
1028.56,15333.0
1028.0,16682.0
1026.99,16416.0
1026.94,16533.0
1026.42,13956.0
1025.44,14904.0
1021.61,15777.0
1021.58,14346.0
1021.48,13165.0
1020.74,15839.0
1019.76,13376.0
1019.39,14276.0
1018.71,12828.0
1018.43,14083.0
1017.68,12514.0
1016.14,13728.0
1015.29,13867.0
1014.9,18142.0
1013.26,12642.0
1013.04,12739.0
1013.01,17197.0
1012.9,12936.0
1011.9,14775.0
1010.6,16229.0
1009.55,16174.0
1009.45,16160.0
1007.35,13455.0
1006.98,14631.0
1006.8,13429.0
1005.5,15329.0
1004.72,12572.0
1002.54,15104.0
1002.31,12446.0
1001.81,15706.0
1000.39,12545.0
1000.27,15508.0
1000.23,14214.0
1000.16,18143.0
999.72,14389.0
999.7,16572.0
997.48,15434.0
996.52,13032.0
996.26,14540.0
995.66,17646.0
995.65,17724.0
993.18,17594.0
992.71,16009.0
992.68,17096.0
992.5,13363.0
991.85,17126.0
990.84,17951.0
990.23,17324.0
988.91,13410.0
987.86,15062.0
987.1,18237.0
984.91,13117.0
984.57,17144.0
984.12,17214.0
983.23,16232.0
982.57,12510.0
982.42,15133.0
982.38,14138.0
982.07,15071.0
981.86,16188.0
981.65,16907.0
981.51,16085.0
981.18,12541.0
980.98,12717.0
980.31,18170.0
979.72,13509.0
979.26,15506.0
977.93,15132.0
977.77,14920.0
977.52,16376.0
977.21,15860.0
975.23,14223.0
974.54,14522.0
974.04,15747.0
971.76,13155.0
971.74,17100.0
971.58,17618.0
971.22,15449.0
970.25,15110.0
967.45,15907.0
967.22,17405.0
964.83,12550.0
964.68,14931.0
962.7,14195.0
962.39,13138.0
962.19,14006.0
961.49,15156.0
959.48,16419.0
958.9,15658.0
957.97,18192.0
957.66,13823.0
955.24,15948.0
954.9,17244.0
954.09,15835.0
950.93,16934.0
950.36,15421.0
950.26,16511.0
948.96,15793.0
948.25,13748.0
948.05,15787.0
947.4,12458.0
946.36,15681.0
945.58,15707.0
944.1,13261.0
942.34,12820.0
942.26,14075.0
941.62,13636.0
940.67,15576.0
939.32,17227.0
939.21,14629.0
939.02,12697.0
937.92,17097.0
936.16,17289.0
936.15,13026.0
935.1,15289.0
935.06,14256.0
933.62,16657.0
932.97,13655.0
932.85,14532.0
929.95,12924.0
927.84,15201.0
924.6,13805.0
922.53,15654.0
922.39,13122.0
922.12,16551.0
922.1,13934.0
921.1,15312.0
920.1,17018.0
920.05,14140.0
919.61,13075.0
918.98,12822.0
917.34,14015.0
917.07,14712.0
916.13,17236.0
916.12,13549.0
915.3,15253.0
914.93,16216.0
914.53,12652.0
913.68,15587.0
913.19,15364.0
912.74,16809.0
912.0,13782.0
911.94,13192.0
911.53,16714.0
911.26,14289.0
911.15,18096.0
910.72,13350.0
910.0,13689.0
909.96,17552.0
909.23,15511.0
908.99,17323.0
908.46,13038.0
908.03,16584.0
907.1,14449.0
905.5,15480.0
905.04,15022.0
904.67,14081.0
904.33,12722.0
903.9,15807.0
902.22,12994.0
901.21,17566.0
901.2,17848.0
899.61,17886.0
899.51,13810.0
897.62,17537.0
897.43,17044.0
896.66,16361.0
896.0,18194.0
895.13,15865.0
894.41,15211.0
893.66,15079.0
892.47,12772.0
891.12,13515.0
890.85,15255.0
890.34,14240.0
889.93,14344.0
889.24,17829.0
888.86,17527.0
887.65,16347.0
886.63,13035.0
885.47,15822.0
885.19,17704.0
884.14,15799.0
883.15,14597.0
882.58,14359.0
882.24,18236.0
881.07,13037.0
880.85,15076.0
879.08,13662.0
879.03,14141.0
878.2,17731.0
877.44,15653.0
877.43,17007.0
876.42,14770.0
876.29,12940.0
874.71,13566.0
874.59,16513.0
873.74,13294.0
871.54,12847.0
870.09,13200.0
869.87,13979.0
869.68,17109.0
869.67,12694.0
869.46,13203.0
869.35,14623.0
867.83,16801.0
867.62,15208.0
867.38,14715.0
867.11,16121.0
866.31,14332.0
865.6,16567.0
864.86,16221.0
864.32,17048.0
862.81,12680.0
861.89,16266.0
861.74,17649.0
860.41,12794.0
860.12,13339.0
859.71,14577.0
859.35,17064.0
859.27,14553.0
858.41,16235.0
855.02,16037.0
854.95,17560.0
853.72,16877.0
853.39,14193.0
852.15,16070.0
852.12,16027.0
851.01,16020.0
850.63,13991.0
850.29,12379.0
848.59,17027.0
848.55,12713.0
848.48,14625.0
847.61,13846.0
847.41,13221.0
846.72,16222.0
845.64,15965.0
845.55,14803.0
843.48,17624.0
843.05,15164.0
841.64,12878.0
841.52,14912.0
841.2,14862.0
841.08,17076.0
839.14,13940.0
838.27,14657.0
836.79,15832.0
836.33,12728.0
834.99,17759.0
834.57,13835.0
834.5,17929.0
833.78,16644.0
832.88,15862.0
830.96,12693.0
827.83,13681.0
826.96,16747.0
826.88,12461.0
826.53,16494.0
826.52,17921.0
823.97,16284.0
822.06,14231.0
821.1,13893.0
819.29,13220.0
818.82,17764.0
816.88,17169.0
816.73,16943.0
816.51,16560.0
816.1,16108.0
816.0,15649.0
815.77,15399.0
815.32,14499.0
814.86,13280.0
814.72,16460.0
814.0,18064.0
813.77,17075.0
813.52,16600.0
813.48,16621.0
813.11,14421.0
813.0,15644.0
811.45,17980.0
811.02,15525.0
810.6,16276.0
810.57,16624.0
810.5,13637.0
810.45,16660.0
809.7,16891.0
806.9,17115.0
806.57,15952.0
806.41,13707.0
806.27,12421.0
805.62,16869.0
804.49,16367.0
804.23,12778.0
803.56,12422.0
802.85,13929.0
802.53,16164.0
801.51,18265.0
801.49,16806.0
800.24,17905.0
799.9,13720.0
799.82,14475.0
799.48,13030.0
798.74,17703.0
798.35,16438.0
797.96,13389.0
797.71,12701.0
795.12,13336.0
792.11,15990.0
791.33,13167.0
789.89,13016.0
787.85,13323.0
784.58,15806.0
784.46,15743.0
784.11,17387.0
783.9,16054.0
783.02,18248.0
781.78,17006.0
781.36,17341.0
781.3,13884.0
781.28,15679.0
781.03,13583.0
780.58,13212.0
780.46,14644.0
780.43,17797.0
780.38,17180.0
779.57,12735.0
779.36,16092.0
778.5,14815.0
778.0,17414.0
777.6,16505.0
777.53,13563.0
777.2,12425.0
777.02,15353.0
775.85,13341.0
775.46,14234.0
775.18,16825.0
775.07,16725.0
774.9,15414.0
773.99,16043.0
773.03,15075.0
772.9,13375.0
772.84,16759.0
771.91,12965.0
771.85,17409.0
771.17,14662.0
769.61,12628.0
769.29,16480.0
769.2,18228.0
768.24,13356.0
768.08,17516.0
766.84,13109.0
765.86,14976.0
765.62,14550.0
765.55,14672.0
765.34,17695.0
765.32,14885.0
765.19,12434.0
764.34,15239.0
763.64,17268.0
763.28,17466.0
761.83,18136.0
761.74,15599.0
761.38,16205.0
761.33,14412.0
760.59,15066.0
759.17,17425.0
758.92,16036.0
758.29,15568.0
757.46,17461.0
757.44,16470.0
756.64,14883.0
754.64,18104.0
752.6,13730.0
749.78,17146.0
749.1,14923.0
748.94,17411.0
748.87,15074.0
748.5,15656.0
747.76,15831.0
747.22,17114.0
747.031,15618.0
746.92,15533.0
746.83,16261.0
746.36,14050.0
745.06,14790.0
744.9,16770.0
743.53,13354.0
742.93,12374.0
741.26,13753.0
740.95,13900.0
740.79,17974.0
740.78,15252.0
740.4,13329.0
739.5,16924.0
739.2,12603.0
738.96,14756.0
738.6,12976.0
737.81,17979.0
734.94,18156.0
734.57,17034.0
734.13,16146.0
733.89,12465.0
733.44,17692.0
732.63,16256.0
732.16,17812.0
732.07,13575.0
731.9,16099.0
731.5,16491.0
730.86,14778.0
730.4,18035.0
729.27,13077.0
728.56,13950.0
728.16,17666.0
727.27,13236.0
725.64,14055.0
725.07,12723.0
724.76,15636.0
724.04,12468.0
724.0,13736.0
723.38,12475.0
722.74,15561.0
722.61,15584.0
721.96,17521.0
721.95,14869.0
721.94,15272.0
721.32,13370.0
720.52,18062.0
719.81,16023.0
719.78,14179.0
718.08,14725.0
717.45,17884.0
716.57,15274.0
716.35,12535.0
716.0,17029.0
715.5,18133.0
714.96,15330.0
714.42,15757.0
712.88,13169.0
712.8,13147.0
712.78,17761.0
712.5,13416.0
712.29,17642.0
712.24,15855.0
711.86,13705.0
711.79,17179.0
711.41,13249.0
710.29,17472.0
709.71,14127.0
709.38,16136.0
708.37,12427.0
707.72,12781.0
707.09,12453.0
707.04,16364.0
706.7,17526.0
706.19,14880.0
705.12,16882.0
704.25,17934.0
703.77,16140.0
703.47,12883.0
703.37,18082.0
703.36,15103.0
702.79,16730.0
702.25,15574.0
702.0,16997.0
701.33,14867.0
700.86,17321.0
700.63,17734.0
699.08,15800.0
698.58,13258.0
697.9,17796.0
697.79,15053.0
697.04,13596.0
696.41,17397.0
694.15,12413.0
694.05,12925.0
693.32,13601.0
692.22,17198.0
692.19,17733.0
691.73,13838.0
690.54,16015.0
689.95,18085.0
689.9,13023.0
689.13,18196.0
689.1,17502.0
688.86,13799.0
688.6,14111.0
688.04,14201.0
686.67,16309.0
686.05,12658.0
685.93,14009.0
684.97,14959.0
684.42,16122.0
684.41,16495.0
683.9,12942.0
683.17,14222.0
683.13,12838.0
682.91,15582.0
682.41,13548.0
681.91,18135.0
681.19,16212.0
681.08,12410.0
680.99,12478.0
680.83,13238.0
680.3,15304.0
680.28,15181.0
680.18,13524.0
680.02,16872.0
679.83,16642.0
679.44,14788.0
678.01,13607.0
677.69,15669.0
676.99,13040.0
676.2,16377.0
675.8,15626.0
675.3,13325.0
675.27,16418.0
674.7,13355.0
674.69,16449.0
674.68,13464.0
674.52,17749.0
674.45,13951.0
673.26,14504.0
673.1,18121.0
672.44,13623.0
671.96,14628.0
671.77,17883.0
671.69,12638.0
669.57,15951.0
669.11,17299.0
668.61,14643.0
668.58,12418.0
668.36,16383.0
668.14,15031.0
668.11,18022.0
667.65,16268.0
666.94,14356.0
666.7,15400.0
666.33,13741.0
665.86,17777.0
665.78,17105.0
665.59,15038.0
664.85,16056.0
664.54,13963.0
664.26,16208.0
664.03,15700.0
663.81,14720.0
663.65,13240.0
663.63,17423.0
663.5,14198.0
662.94,17462.0
662.59,14451.0
660.0,14603.0
659.68,13028.0
659.46,15492.0
659.44,13518.0
659.41,13759.0
658.88,16357.0
658.64,14150.0
658.26,17874.0
657.9,16696.0
657.8,14818.0
657.3,17459.0
657.25,12616.0
657.23,15677.0
656.68,13049.0
656.63,16708.0
656.44,15197.0
656.25,16127.0
655.75,14894.0
654.92,16774.0
654.6,14651.0
653.38,17398.0
653.35,18151.0
653.13,16014.0
652.82,14044.0
652.8,14548.0
652.74,17523.0
652.07,16362.0
650.51,16734.0
650.43,16469.0
650.43,15571.0
650.41,16969.0
649.5,15098.0
648.83,15205.0
648.69,13430.0
648.41,16573.0
647.74,13564.0
647.4,15643.0
646.92,17373.0
646.68,12589.0
646.3,15651.0
645.96,17545.0
645.65,14855.0
644.65,14829.0
644.3,17312.0
644.24,16157.0
643.63,14126.0
643.59,12612.0
642.81,16431.0
642.8,14020.0
642.77,13034.0
642.17,17779.0
642.02,17046.0
641.55,16554.0
641.13,12624.0
640.83,13417.0
640.76,13318.0
640.5,12631.0
639.89,15919.0
639.02,17515.0
638.77,16444.0
638.06,18160.0
638.05,14754.0
637.89,14664.0
637.5,14128.0
636.51,14481.0
636.14,15829.0
635.76,15384.0
635.68,15773.0
635.41,16139.0
635.1,15100.0
635.04,15297.0
634.95,17985.0
633.71,14000.0
633.66,15045.0
632.97,13892.0
632.4,14220.0
632.04,14301.0
632.0,13822.0
631.9,14021.0
631.57,15244.0
630.84,17990.0
629.69,17994.0
629.31,13046.0
628.78,13525.0
628.38,14687.0
628.28,16022.0
627.15,13388.0
627.13,15028.0
626.99,13546.0
626.77,15402.0
626.65,14036.0
626.38,18218.0
626.07,14382.0
623.93,16750.0
623.75,16718.0
623.4,13368.0
623.16,15258.0
622.88,17499.0
622.85,15182.0
622.75,17867.0
621.75,18217.0
621.68,16915.0
621.66,17640.0
621.23,13402.0
620.4,16141.0
620.13,12667.0
620.04,14529.0
618.63,13493.0
618.59,16613.0
618.27,12596.0
618.09,13301.0
617.99,14593.0
617.93,13496.0
617.05,14377.0
616.79,16442.0
616.65,13925.0
616.26,16311.0
615.99,15215.0
615.39,16005.0
614.77,13145.0
614.01,16566.0
613.95,13914.0
612.43,15073.0
612.08,18149.0
612.06,15232.0
612.01,15645.0
611.88,16109.0
611.09,14152.0
610.59,13731.0
610.52,12673.0
610.01,15795.0
609.95,13357.0
609.85,14636.0
609.19,15275.0
608.79,13933.0
608.65,15147.0
608.1,12719.0
607.71,14342.0
607.45,15573.0
606.28,12933.0
606.13,14710.0
605.84,13539.0
605.8,17849.0
605.63,13888.0
605.58,17507.0
605.12,13233.0
605.06,13558.0
604.75,14675.0
604.64,17664.0
604.51,12944.0
603.75,16732.0
603.71,12649.0
603.71,12556.0
603.69,16134.0
603.42,12707.0
603.37,17259.0
602.97,15322.0
602.51,15366.0
602.27,16306.0
602.09,17890.0
601.98,12654.0
601.56,14609.0
600.52,18183.0
600.39,12420.0
600.07,18211.0
600.07,13243.0
599.97,12872.0
599.9,15648.0
599.9,14905.0
599.68,12521.0
599.0,14965.0
598.83,17420.0
598.76,14467.0
598.73,15720.0
598.57,13311.0
598.2,16298.0
598.2,13959.0
597.5,17864.0
597.48,16788.0
597.09,14645.0
596.85,15381.0
596.1,18246.0
595.4,12577.0
594.97,16654.0
594.9,16763.0
594.16,14108.0
594.0,15442.0
594.0,12917.0
593.75,16535.0
593.61,17119.0
592.88,16116.0
591.75,13811.0
590.93,13276.0
590.34,14133.0
590.0,13452.0
590.0,13270.0
589.7,14882.0
589.44,18123.0
589.15,16723.0
589.15,16203.0
588.13,15624.0
587.15,17351.0
586.79,12513.0
585.79,17360.0
585.0,15222.0
584.5,16384.0
584.32,16072.0
584.07,14023.0
584.06,13557.0
583.75,15762.0
582.9,16838.0
582.9,15969.0
582.73,12426.0
582.6,13427.0
582.59,17970.0
582.47,18232.0
582.1,12695.0
582.05,14692.0
581.83,15768.0
580.05,18095.0
579.77,16906.0
579.0,17142.0
578.94,13292.0
578.66,13314.0
578.45,14284.0
576.3,14410.0
576.26,16916.0
575.63,15550.0
575.41,16345.0
575.4,13487.0
574.84,14167.0
574.42,12784.0
574.26,14323.0
574.02,15303.0
574.0,14176.0
572.81,15415.0
572.56,13379.0
572.451,13405.0
572.2,12816.0
571.2,17616.0
570.96,15821.0
570.46,14592.0
570.4,17540.0
570.13,16667.0
569.56,12601.0
567.36,13321.0
566.58,18150.0
566.16,12384.0
565.58,17014.0
563.15,14753.0
562.9,17265.0
562.41,12414.0
561.57,13946.0
560.47,13044.0
559.97,14273.0
559.87,16275.0
559.7,14400.0
559.51,18043.0
559.12,12866.0
558.96,17503.0
558.32,13800.0
557.62,13260.0
557.57,15339.0
557.3,17955.0
556.95,17295.0
556.75,13939.0
555.89,16385.0
555.04,13816.0
554.65,14805.0
554.46,14177.0
554.38,14891.0
554.22,14338.0
553.36,15068.0
552.57,12879.0
552.0,12363.0
551.54,15315.0
551.04,17674.0
550.8,17291.0
550.06,17235.0
549.84,12390.0
549.07,16340.0
548.94,16031.0
547.7,15830.0
547.07,16811.0
547.06,17637.0
546.81,17520.0
546.43,12743.0
546.04,17806.0
545.48,12793.0
545.0,12987.0
544.3,16475.0
544.18,13617.0
544.08,13390.0
543.05,16927.0
542.77,16211.0
542.73,13278.0
542.03,16230.0
541.53,17447.0
541.46,17557.0
541.1,17897.0
540.98,14997.0
540.45,13874.0
539.02,16536.0
539.0,13812.0
538.81,14496.0
538.73,15452.0
538.59,14618.0
538.46,15539.0
537.83,16278.0
537.74,17345.0
537.71,14474.0
537.48,14539.0
537.06,16206.0
537.0,15043.0
536.99,16804.0
536.21,12559.0
535.97,13894.0
535.34,16142.0
535.32,12988.0
534.85,13000.0
534.57,13385.0
534.47,17062.0
534.24,17443.0
534.24,13434.0
532.96,15756.0
532.94,15825.0
531.35,16706.0
530.18,14265.0
530.15,18159.0
530.08,16933.0
529.73,14002.0
529.62,14463.0
529.41,16185.0
528.33,17631.0
527.05,17623.0
526.67,18252.0
525.78,17888.0
525.24,17290.0
524.52,15891.0
524.14,13721.0
523.11,17329.0
523.0,18017.0
522.91,17712.0
522.38,14871.0
520.8,15149.0
519.68,14873.0
519.61,12571.0
519.44,13643.0
518.42,16650.0
518.28,15030.0
517.55,16135.0
517.53,17454.0
517.36,18205.0
514.85,12811.0
514.15,15246.0
513.2,17513.0
512.31,17805.0
512.12,17429.0
512.02,14034.0
511.88,15467.0
511.36,12582.0
511.35,14851.0
511.32,15655.0
511.12,16561.0
510.54,16325.0
509.58,12904.0
509.01,12436.0
508.8,17391.0
508.8,15417.0
508.58,14317.0
508.46,17958.0
507.84,17415.0
507.66,14158.0
507.29,14820.0
507.08,15721.0
507.05,16960.0
506.8,13885.0
506.51,17480.0
506.19,16614.0
505.18,14014.0
504.5,15469.0
504.2,12863.0
503.76,12991.0
503.6,17630.0
502.09,15006.0
501.56,13865.0
501.12,13247.0
500.42,16616.0
500.0,15389.0
499.68,14958.0
499.42,14077.0
499.32,15193.0
498.95,14681.0
498.74,15142.0
498.42,17298.0
497.61,16820.0
497.56,17495.0
497.43,16368.0
496.84,16892.0
496.44,15300.0
496.38,17053.0
495.77,17374.0
495.36,15882.0
494.73,16602.0
494.64,15448.0
494.44,16352.0
494.25,17333.0
494.08,12763.0
493.67,16955.0
492.84,13176.0
492.65,14270.0
492.36,15507.0
492.2,16488.0
491.86,13732.0
490.86,14236.0
490.52,15000.0
490.22,14416.0
489.6,18074.0
488.2,17361.0
488.03,13984.0
487.99,14396.0
487.75,15165.0
487.51,16643.0
487.35,15081.0
486.82,13675.0
486.72,17453.0
486.22,13153.0
486.1,12639.0
485.88,17658.0
485.24,15287.0
485.19,13116.0
484.82,16999.0
484.38,16504.0
484.36,12809.0
483.86,14130.0
483.8,13531.0
483.65,12808.0
483.26,17555.0
483.25,14450.0
482.47,16603.0
482.01,16693.0
481.75,18216.0
481.35,16863.0
480.92,16518.0
479.35,16812.0
478.78,16008.0
477.91,12644.0
477.3,12479.0
476.96,15091.0
476.58,15344.0
476.49,12447.0
475.28,15780.0
473.81,15349.0
473.65,15557.0
473.14,16859.0
473.03,16374.0
473.02,14013.0
472.12,17950.0
471.7,17964.0
471.57,13043.0
471.51,16885.0
470.76,15963.0
469.48,15471.0
469.0,15026.0
468.95,13005.0
468.77,14896.0
468.4,14147.0
468.26,14335.0
467.66,14029.0
467.04,13579.0
465.68,13248.0
465.55,15036.0
465.32,17140.0
464.57,13928.0
463.95,16586.0
463.8,14967.0
463.75,15109.0
463.66,12787.0
463.46,17418.0
463.38,14489.0
463.05,14853.0
462.95,12945.0
462.66,14331.0
461.19,14470.0
460.89,12391.0
460.64,16824.0
460.59,16805.0
460.4,12491.0
459.9,15535.0
459.83,13092.0
459.4,12355.0
459.24,16589.0
458.92,17880.0
458.04,16768.0
457.91,17392.0
457.81,15092.0
457.72,15121.0
457.47,14497.0
457.34,13398.0
456.9,12564.0
456.58,15589.0
456.26,15018.0
455.88,12999.0
455.67,15754.0
455.42,12375.0
455.3,15585.0
455.25,16529.0
454.9,15223.0
454.33,16038.0
454.24,13485.0
454.11,15475.0
454.01,17564.0
453.01,12729.0
453.0,18071.0
452.89,14184.0
452.85,12591.0
452.82,13506.0
452.63,17460.0
452.24,12970.0
451.75,18158.0
451.44,16574.0
450.84,14173.0
449.73,17040.0
449.52,13489.0
449.45,12448.0
449.12,15739.0
448.65,18176.0
447.68,14780.0
447.22,15456.0
446.94,15368.0
446.87,15889.0
446.18,17370.0
444.68,18006.0
444.46,16898.0
443.6,14638.0
443.05,16404.0
443.0,18222.0
442.85,14093.0
441.6,16163.0
440.78,15877.0
440.2,17579.0
440.0,18233.0
440.0,15524.0
440.0,14022.0
439.66,16025.0
439.43,16968.0
439.03,13358.0
438.49,14513.0
438.46,15468.0
438.24,15881.0
437.96,14272.0
437.82,12552.0
437.7,16034.0
437.6,12592.0
437.23,15553.0
436.18,16084.0
436.06,15551.0
435.02,16948.0
432.2,16236.0
432.0,16881.0
431.82,13338.0
431.26,13359.0
430.94,15976.0
430.9,13066.0
430.7,18106.0
430.5,13245.0
430.48,12795.0
430.15,12827.0
429.87,14998.0
429.84,16884.0
429.84,15450.0
429.6,15230.0
428.89,15957.0
428.89,13602.0
428.68,16324.0
428.57,12452.0
428.18,17869.0
427.93,15360.0
427.8,12725.0
427.6,12740.0
427.07,15994.0
426.81,13171.0
426.79,17223.0
426.63,15930.0
426.61,15406.0
425.32,15639.0
425.19,16780.0
425.14,15646.0
425.0,17134.0
423.89,17371.0
423.72,13140.0
423.36,16119.0
423.04,15012.0
422.88,18034.0
422.7,17525.0
422.58,18240.0
422.13,16233.0
421.52,17232.0
420.5,14757.0
420.3,15206.0
419.58,14124.0
418.92,15361.0
418.83,15967.0
418.1,12593.0
417.95,17701.0
417.87,15433.0
417.73,16629.0
417.6,16737.0
417.54,13473.0
417.38,12833.0
417.23,18001.0
417.06,16816.0
416.9,13889.0
416.86,15935.0
416.79,12493.0
416.64,16957.0
415.82,15803.0
415.82,14139.0
415.7,12580.0
415.25,15725.0
414.88,16795.0
414.76,12993.0
414.7,13166.0
414.04,17483.0
413.85,14288.0
413.75,17052.0
413.59,13974.0
413.46,16834.0
412.58,12802.0
412.05,13827.0
412.01,15523.0
411.7,16272.0
411.6,17913.0
411.53,14670.0
411.41,15186.0
410.72,12579.0
410.48,15099.0
409.98,15695.0
409.9,12930.0
409.7,12403.0
409.57,14348.0
409.5,12990.0
409.4,15225.0
409.1,16243.0
408.9,16018.0
408.8,15269.0
408.57,16399.0
408.36,17931.0
407.5,16010.0
406.76,15184.0
406.53,15127.0
406.48,16947.0
406.08,14616.0
405.71,16204.0
405.62,18036.0
405.38,12922.0
404.66,17379.0
404.58,15938.0
404.4,16319.0
403.7,12498.0
403.3,17431.0
401.9,12386.0
401.4,15158.0
400.86,16500.0
400.681,16198.0
400.54,12792.0
400.43,14157.0
399.99,13615.0
399.21,15809.0
399.19,18154.0
398.84,15522.0
398.7,17830.0
398.27,12508.0
397.76,14431.0
397.29,17926.0
397.12,12824.0
396.97,13594.0
396.92,13673.0
396.87,17486.0
396.48,15883.0
396.33,18067.0
395.8,16354.0
394.7,18164.0
394.38,16207.0
394.14,15386.0
393.74,15264.0
393.49,17226.0
393.33,14600.0
393.28,14620.0
391.98,15837.0
391.76,15342.0
391.52,16917.0
390.66,13255.0
390.07,17614.0
389.86,14910.0
389.84,17936.0
389.64,14752.0
389.44,16250.0
389.28,13352.0
389.27,15847.0
389.01,12690.0
388.79,17595.0
388.58,15592.0
388.52,13899.0
388.33,17035.0
388.28,16776.0
388.25,14538.0
388.14,17357.0
387.68,17817.0
387.31,17508.0
386.53,14114.0
386.15,14779.0
385.87,14420.0
385.64,13821.0
385.1,17711.0
384.8,13833.0
384.52,17250.0
384.4,17189.0
384.08,17205.0
384.06,16982.0
383.95,12733.0
383.7,12515.0
383.68,15440.0
383.34,15424.0
383.34,14460.0
383.03,12832.0
382.98,13817.0
382.8,18181.0
382.14,13657.0
382.06,17999.0
381.7,13873.0
381.32,15090.0
381.2,16441.0
380.64,12871.0
380.57,15048.0
380.55,16930.0
380.5,17138.0
380.47,12890.0
380.39,16769.0
380.35,17031.0
380.02,14731.0
379.95,17239.0
379.83,14594.0
379.73,16552.0
379.65,13656.0
379.65,13589.0
379.51,14619.0
379.45,17878.0
379.4,16484.0
379.35,15885.0
378.64,13372.0
378.59,13954.0
378.3,17438.0
378.2,17078.0
377.6,13345.0
377.2,12982.0
377.01,15025.0
376.64,17489.0
375.35,14448.0
375.13,14048.0
375.1,14079.0
375.0,16147.0
374.7,14067.0
374.57,17492.0
374.0,12873.0
373.94,13351.0
373.75,13569.0
373.24,16903.0
372.9,16239.0
372.5,17375.0
372.22,12981.0
372.09,16065.0
371.88,17765.0
371.56,15472.0
371.01,15975.0
370.8,15063.0
370.48,16343.0
369.34,16758.0
369.2,14888.0
367.93,16372.0
367.69,15345.0
366.23,17911.0
365.85,17358.0
365.76,17432.0
365.29,13300.0
365.27,16202.0
364.9,15429.0
364.8,14886.0
364.72,15949.0
364.6,12373.0
364.5,15343.0
364.22,14528.0
364.14,16909.0
363.95,12538.0
363.9,17330.0
363.88,15901.0
363.79,14171.0
363.7,16509.0
363.65,18056.0
363.65,16485.0
363.65,12915.0
363.6,15922.0
363.53,14932.0
363.4,13856.0
363.34,14427.0
362.95,16378.0
362.9,17573.0
362.06,16052.0
361.62,13844.0
361.28,13936.0
361.25,14950.0
361.22,16305.0
361.11,13291.0
360.93,15872.0
360.16,16595.0
360.01,13780.0
360.0,13298.0
358.63,15664.0
358.61,14690.0
358.56,17948.0
358.38,16823.0
358.0,13228.0
357.98,13976.0
357.95,16274.0
357.77,17025.0
357.2,18040.0
356.98,13453.0
356.85,14500.0
356.0,15247.0
355.7,12544.0
355.56,14537.0
355.53,12617.0
355.11,17742.0
354.8,13642.0
354.15,17222.0
354.09,15870.0
354.09,12845.0
353.86,17252.0
353.86,12715.0
353.65,13173.0
353.48,13210.0
353.27,14804.0
353.19,17976.0
352.7,15678.0
352.69,18112.0
351.67,15334.0
351.45,14333.0
351.3,15789.0
351.13,13923.0
351.11,15900.0
350.9,13332.0
350.75,13740.0
350.64,17835.0
350.39,17795.0
350.16,13919.0
350.06,13108.0
349.83,12532.0
349.7,13670.0
349.55,13887.0
349.1,15405.0
348.99,13927.0
348.8,13790.0
348.73,18127.0
348.71,12527.0
348.6,15579.0
348.2,16159.0
348.15,13052.0
348.1,14379.0
347.82,18155.0
347.75,17668.0
347.3,12895.0
347.0,13587.0
346.98,13062.0
346.75,15713.0
346.7,12566.0
346.6,13649.0
346.12,16423.0
345.89,16858.0
345.66,15840.0
345.3,17123.0
345.0,13774.0
344.9,14633.0
344.33,16978.0
344.14,17569.0
344.0,13068.0
343.82,15120.0
343.62,15047.0
343.5,15520.0
343.45,18081.0
343.23,12875.0
343.11,14320.0
342.92,18250.0
342.63,17201.0
342.45,16851.0
341.7,16826.0
341.36,13347.0
341.28,17917.0
340.93,14491.0
340.84,12519.0
340.11,15115.0
339.6,13737.0
339.44,17045.0
339.3,16545.0
338.95,17697.0
338.8,17839.0
338.71,16183.0
337.74,15652.0
337.49,17736.0
337.44,15942.0
337.34,13930.0
337.04,17973.0
336.96,16105.0
336.43,17914.0
336.4,17384.0
336.4,15619.0
336.17,14954.0
336.13,18078.0
336.03,15921.0
335.52,14196.0
335.32,16063.0
335.13,17221.0
334.93,12489.0
334.54,14988.0
334.53,15466.0
334.4,12350.0
334.23,15918.0
333.74,13216.0
333.56,15781.0
333.48,13727.0
333.08,16625.0
332.64,13904.0
332.41,16850.0
332.3,16803.0
331.95,16177.0
331.24,16030.0
331.18,15210.0
331.0,16478.0
331.0,12891.0
330.9,17862.0
330.88,15714.0
330.79,13706.0
330.45,14517.0
330.11,15130.0
330.03,16593.0
329.85,12953.0
329.68,14716.0
329.6,17615.0
329.56,13239.0
329.34,17154.0
329.25,15153.0
328.8,14012.0
328.4,16855.0
328.15,16318.0
327.97,15314.0
327.7,14024.0
327.3,16366.0
327.25,14870.0
326.75,16322.0
326.4,17715.0
326.4,14987.0
326.24,16071.0
325.96,12844.0
325.91,16830.0
325.7,17866.0
325.1,15944.0
325.05,15213.0
324.92,12790.0
324.8,13801.0
324.24,18261.0
324.24,16685.0
324.14,14555.0
323.69,15675.0
323.36,18276.0
323.04,17793.0
322.96,13955.0
322.8,16627.0
322.41,16342.0
322.08,14424.0
321.92,14484.0
321.43,14823.0
321.05,15236.0
321.05,13497.0
320.72,18117.0
320.69,12365.0
320.62,16096.0
320.58,14622.0
320.46,13986.0
319.82,13091.0
319.8,16716.0
319.61,16674.0
319.47,14264.0
319.1,16499.0
319.02,16967.0
318.76,17229.0
318.65,17248.0
318.17,14703.0
318.05,15363.0
318.05,12648.0
318.0,18066.0
317.62,17267.0
317.2,16386.0
316.88,15385.0
316.68,15243.0
316.62,16761.0
316.58,15204.0
316.5,17458.0
316.26,13494.0
316.25,14479.0
315.72,15597.0
315.6,12614.0
315.06,16091.0
315.06,15766.0
314.86,16473.0
314.69,17237.0
314.45,16193.0
314.44,12650.0
314.11,14902.0
314.1,15970.0
313.8,13484.0
313.77,12888.0
313.62,16582.0
313.49,14729.0
313.28,15880.0
313.26,17172.0
312.98,13845.0
312.62,15318.0
312.55,16739.0
312.38,12834.0
312.23,17362.0
312.14,17070.0
311.92,16450.0
311.81,14142.0
311.71,15326.0
311.69,14951.0
311.65,14327.0
311.3,13990.0
311.26,17854.0
311.16,13897.0
310.64,17266.0
310.62,15185.0
310.48,15224.0
310.05,14924.0
310.03,15101.0
309.8,15661.0
309.65,15699.0
309.4,14847.0
309.36,17604.0
309.05,12884.0
309.04,13787.0
308.94,15010.0
308.58,13699.0
308.48,17510.0
308.32,16227.0
308.26,14206.0
307.78,16123.0
307.76,13529.0
307.72,13395.0
307.53,13060.0
307.46,17120.0
307.4,13932.0
307.09,13142.0
306.94,15087.0
306.84,17551.0
306.72,16668.0
306.6,17334.0
306.55,17157.0
306.55,13718.0
306.45,15659.0
306.13,17176.0
305.75,15219.0
305.71,12785.0
305.62,16796.0
305.54,16181.0
305.28,13045.0
305.1,12623.0
305.02,13667.0
304.56,17941.0
304.47,15163.0
304.25,18185.0
303.97,17732.0
303.93,16400.0
303.93,13343.0
303.75,13083.0
303.26,16689.0
303.16,17433.0
303.09,15060.0
302.7,16425.0
302.58,14248.0
302.46,18165.0
302.36,16104.0
302.27,15308.0
302.1,15054.0
301.72,16715.0
301.32,15667.0
301.29,15148.0
301.03,15623.0
300.92,17978.0
300.85,16430.0
300.83,16479.0
300.52,14762.0
300.42,13304.0
300.36,15254.0
299.75,12852.0
299.6,16402.0
299.56,13863.0
299.34,18215.0
298.89,17124.0
298.41,17255.0
298.4,17824.0
298.11,17678.0
298.0,12881.0
297.95,13466.0
297.78,18220.0
297.07,18053.0
297.0,15857.0
296.88,13708.0
296.75,14985.0
296.71,18059.0
296.64,13441.0
296.25,13751.0
295.93,13504.0
295.61,17912.0
294.65,16781.0
294.4,13573.0
294.3,14747.0
294.29,17506.0
294.12,15732.0
293.45,17531.0
293.1,17163.0
292.72,15545.0
292.47,16721.0
292.34,16956.0
292.32,13259.0
292.0,13502.0
291.88,13449.0
291.54,13745.0
291.41,13544.0
291.05,14656.0
291.0,13479.0
290.82,14947.0
290.4,17691.0
290.36,16526.0
290.16,17081.0
289.99,14784.0
289.96,17464.0
289.91,14339.0
289.82,14953.0
289.36,14162.0
289.35,16125.0
289.24,14549.0
288.6,17501.0
288.42,16808.0
288.18,15396.0
288.14,17977.0
287.59,17760.0
287.4,16432.0
287.02,16998.0
286.79,13760.0
285.89,16555.0
285.74,14660.0
285.5,17080.0
284.55,16429.0
283.71,13439.0
283.47,17783.0
283.28,17251.0
283.12,17694.0
282.6,13754.0
282.45,13177.0
282.19,17247.0
281.85,16557.0
281.62,17403.0
281.42,16848.0
280.9,16292.0
280.55,14242.0
280.54,13606.0
280.52,16149.0
279.94,14975.0
279.77,15556.0
279.05,14480.0
278.74,17786.0
278.15,14850.0
277.8,14908.0
277.41,15279.0
277.35,17968.0
277.07,13803.0
277.05,15355.0
276.73,16883.0
276.56,13272.0
276.42,14508.0
275.88,12750.0
275.64,16810.0
275.4,16297.0
275.28,14512.0
274.7,12703.0
274.51,18190.0
274.15,16313.0
272.82,16727.0
272.44,17254.0
272.38,13085.0
272.22,17498.0
272.07,14819.0
272.04,13917.0
271.85,14816.0
271.4,13058.0
271.24,13837.0
271.2,17767.0
271.05,17496.0
270.9,17011.0
270.86,16648.0
270.8,15774.0
270.79,13533.0
270.6,14520.0
270.4,13242.0
270.2,17094.0
270.03,15609.0
268.58,14727.0
267.18,15408.0
267.16,17550.0
267.13,15320.0
267.08,17708.0
267.03,15517.0
266.97,16451.0
266.76,14863.0
266.4,15119.0
266.39,12962.0
266.0,15019.0
265.93,17636.0
265.85,14068.0
265.76,17430.0
265.2,14423.0
264.7,13973.0
264.65,18108.0
264.62,15912.0
264.44,14452.0
263.75,13369.0
263.55,15894.0
263.21,12492.0
262.68,16936.0
262.62,17194.0
262.2,16413.0
261.11,17385.0
260.68,13189.0
260.25,14053.0
260.17,15014.0
259.45,15143.0
259.43,14149.0
259.39,16217.0
259.35,17125.0
259.17,13127.0
259.01,16447.0
258.88,15577.0
258.83,14915.0
258.7,14350.0
258.4,13277.0
257.7,13227.0
257.68,14375.0
257.23,13626.0
256.4,12430.0
256.38,13806.0
256.32,17896.0
255.9,14761.0
255.9,15277.0
255.4,14881.0
255.12,16226.0
254.82,15261.0
254.73,13121.0
254.18,12604.0
254.11,14765.0
254.1,15689.0
253.05,12829.0
253.04,15759.0
252.8,17860.0
252.73,15035.0
252.49,13404.0
252.42,15346.0
252.24,18009.0
252.1,13645.0
252.06,13711.0
251.87,16836.0
251.7,17155.0
251.52,16976.0
251.24,16024.0
251.21,13512.0
250.55,14764.0
250.26,13207.0
250.15,16596.0
250.04,17303.0
250.0,15510.0
249.86,17456.0
249.74,17190.0
249.72,18005.0
248.61,17111.0
248.61,13061.0
248.42,18212.0
248.1,16510.0
248.08,15097.0
247.96,13592.0
247.66,15107.0
247.32,13349.0
247.15,14658.0
247.14,17051.0
246.3,15783.0
246.04,17278.0
246.0,12908.0
245.94,16778.0
245.81,17771.0
245.1,12660.0
244.8,16601.0
244.8,15118.0
244.41,16528.0
244.1,17892.0
244.08,17925.0
243.94,13103.0
243.84,16793.0
243.69,16048.0
243.56,13886.0
243.55,15634.0
243.36,17339.0
243.28,17908.0
243.22,14647.0
242.35,16215.0
242.21,16330.0
241.62,15776.0
241.09,14523.0
241.06,16427.0
240.55,15286.0
240.27,15154.0
240.22,13565.0
240.0,17256.0
239.92,17181.0
239.76,15690.0
239.49,13570.0
239.41,17684.0
239.4,16756.0
238.95,18270.0
238.85,15850.0
238.85,12561.0
238.25,12718.0
237.61,17877.0
237.07,15457.0
236.78,18024.0
236.26,12732.0
236.09,16026.0
236.02,13187.0
235.68,15598.0
234.6,15462.0
234.34,14473.0
234.24,17060.0
234.17,16961.0
234.0,12736.0
233.81,15483.0
233.76,13348.0
233.45,16583.0
233.23,14995.0
232.6,13678.0
232.48,18213.0
232.21,16971.0
232.21,16117.0
232.15,15257.0
231.86,15393.0
231.1,16641.0
230.7,16321.0
230.53,15866.0
230.51,16445.0
230.4,13786.0
230.25,16926.0
230.22,13960.0
229.71,14311.0
229.64,12812.0
229.59,13474.0
229.33,15528.0
228.96,17347.0
228.91,13146.0
228.84,13712.0
228.8,13070.0
228.2,17969.0
228.06,16527.0
227.39,14569.0
226.85,17212.0
226.75,17572.0
226.37,16315.0
226.35,16777.0
225.9,17789.0
225.9,12672.0
225.85,14624.0
225.77,14357.0
225.6,12402.0
225.36,14052.0
225.15,16587.0
224.91,17171.0
224.14,15175.0
223.95,16471.0
223.92,16753.0
223.88,14929.0
223.85,13926.0
223.65,18101.0
223.36,17534.0
223.36,15637.0
222.99,13382.0
222.05,15897.0
221.97,14598.0
221.27,14960.0
221.19,16392.0
221.06,13419.0
220.85,15790.0
220.7,18030.0
220.62,16482.0
220.1,13079.0
220.1,18114.0
219.52,13600.0
219.39,15096.0
219.14,16895.0
219.0,12702.0
218.78,14205.0
218.55,13669.0
218.52,17619.0
218.47,13428.0
218.45,12574.0
218.06,14570.0
217.9,16634.0
217.2,15554.0
216.9,13739.0
216.85,13503.0
216.76,15460.0
216.5,12897.0
216.39,15604.0
216.3,17436.0
216.21,14104.0
216.17,13858.0
215.83,16179.0
215.78,15052.0
215.72,17580.0
215.7,14476.0
215.48,16189.0
215.08,16190.0
215.08,16519.0
215.05,12831.0
214.9,12588.0
214.8,16338.0
214.65,16411.0
214.32,16846.0
214.14,14793.0
214.06,16647.0
213.96,14601.0
213.85,13621.0
213.78,17153.0
213.7,14241.0
213.55,13411.0
213.5,16591.0
213.3,15540.0
213.27,14984.0
213.03,16897.0
212.96,18193.0
212.82,16302.0
212.54,17928.0
212.3,15724.0
211.88,16017.0
211.5,15703.0
210.35,16415.0
210.32,16356.0
210.31,13532.0
209.49,13828.0
208.97,17855.0
208.75,15327.0
208.65,17514.0
208.63,16690.0
208.46,16914.0
208.36,16457.0
207.8,18191.0
207.8,12547.0
207.74,16866.0
207.5,17923.0
207.5,16323.0
207.5,16752.0
207.36,13099.0
207.15,15925.0
206.98,15820.0
206.83,18126.0
206.21,14964.0
206.05,18110.0
205.86,13065.0
205.7,17670.0
205.48,17843.0
205.3,15307.0
205.25,15758.0
205.1,13513.0
204.5,15319.0
204.41,16619.0
204.24,17206.0
204.0,18273.0
204.0,13017.0
203.95,17187.0
203.87,17889.0
203.87,17394.0
203.86,17891.0
203.2,17376.0
203.1,15723.0
202.68,14381.0
202.65,18169.0
202.11,14385.0
201.6,15347.0
201.19,16965.0
201.16,13859.0
200.72,12995.0
200.29,13262.0
200.16,15437.0
200.14,13980.0
200.1,14782.0
199.85,13723.0
199.8,15593.0
199.48,13322.0
199.29,17383.0
199.15,16832.0
198.57,17987.0
197.95,13295.0
197.9,16178.0
197.88,12450.0
197.71,12581.0
197.65,14185.0
197.64,14789.0
197.63,17301.0
197.22,16829.0
197.13,14830.0
197.1,14304.0
197.0,15234.0
196.89,13436.0
196.79,13978.0
196.15,13284.0
196.0,17660.0
195.74,16112.0
195.55,13792.0
195.25,14666.0
195.15,15612.0
194.9,14100.0
194.88,16887.0
194.37,17475.0
194.18,12797.0
193.75,15683.0
193.64,15198.0
193.64,17343.0
193.44,16847.0
193.42,17608.0
193.39,14806.0
193.14,14801.0
192.85,13568.0
192.72,12522.0
192.6,12791.0
191.94,15909.0
191.32,14966.0
191.17,17988.0
191.04,15692.0
190.88,17233.0
190.55,13033.0
190.53,15412.0
190.31,14501.0
190.25,13972.0
190.19,17885.0
189.9,12361.0
189.49,17166.0
189.47,13663.0
189.4,18045.0
188.89,16448.0
188.61,14697.0
188.14,12893.0
188.02,17781.0
187.92,14722.0
187.83,17279.0
187.69,16900.0
187.29,18013.0
187.15,16124.0
187.02,17693.0
186.23,14551.0
186.01,15567.0
185.9,12641.0
185.65,17574.0
185.46,17010.0
185.4,14199.0
185.05,16097.0
184.64,13482.0
184.4,17680.0
184.26,16433.0
184.19,15124.0
183.7,16680.0
183.6,14059.0
183.44,13460.0
183.4,13059.0
182.96,15746.0
182.77,17772.0
182.25,14082.0
181.67,14087.0
181.12,18119.0
181.09,16594.0
181.09,15886.0
181.0,15945.0
180.94,15292.0
180.85,16835.0
180.6,18280.0
180.48,13710.0
180.35,15041.0
180.1,12622.0
179.94,12586.0
179.34,18147.0
179.17,15895.0
179.1,15454.0
179.0,16990.0
179.0,14705.0
178.96,16620.0
178.96,15139.0
178.95,15262.0
178.92,17904.0
178.7,13778.0
178.52,17879.0
178.47,13008.0
178.26,17253.0
178.26,13271.0
178.22,17356.0
177.34,13618.0
177.31,12618.0
177.15,13072.0
177.1,17440.0
176.97,12923.0
176.68,17947.0
176.6,18282.0
176.6,16080.0
176.5,12509.0
175.27,17582.0
175.2,17331.0
175.2,16144.0
174.8,18010.0
174.65,13826.0
174.4,14355.0
174.37,14518.0
174.37,13560.0
173.97,15335.0
173.9,18278.0
173.74,14798.0
173.7,16565.0
173.55,12441.0
173.16,15565.0
173.05,15670.0
172.9,14693.0
172.29,18048.0
172.25,13922.0
172.25,13690.0
172.06,12442.0
171.8,14536.0
171.59,16773.0
171.45,17245.0
171.19,15432.0
170.75,17542.0
170.16,18058.0
170.04,15016.0
169.79,16921.0
169.55,13962.0
169.48,14218.0
169.47,18004.0
168.9,12367.0
168.63,14578.0
168.62,14860.0
168.4,17367.0
168.31,18099.0
168.3,16282.0
168.24,17737.0
168.12,15986.0
168.0,15374.0
168.0,12551.0
167.67,18088.0
167.62,17561.0
167.61,16952.0
167.5,15920.0
167.42,13598.0
167.25,16405.0
166.85,14326.0
166.42,18014.0
166.08,17650.0
166.04,12817.0
165.75,14485.0
165.07,14552.0
165.05,18042.0
165.0,15316.0
165.0,13470.0
164.68,15904.0
164.4,17535.0
164.34,13603.0
164.23,12920.0
163.8,18200.0
163.62,14354.0
163.3,17110.0
163.2,13223.0
163.07,16406.0
163.0,15167.0
162.7,16517.0
162.3,15733.0
162.29,15325.0
161.94,16932.0
161.67,17600.0
161.64,15458.0
161.38,16113.0
161.2,14362.0
161.05,16403.0
161.03,14204.0
161.0,14237.0
161.0,14089.0
160.95,13229.0
160.71,15852.0
160.57,17344.0
160.54,12573.0
160.42,18203.0
160.35,18146.0
160.19,14714.0
160.18,12966.0
159.0,16213.0
158.95,18224.0
158.85,13937.0
158.68,17165.0
158.16,15160.0
158.04,15348.0
158.03,15988.0
157.9,17556.0
157.7,14799.0
157.2,14148.0
157.09,17128.0
157.05,14585.0
157.02,17118.0
156.91,15007.0
156.75,14406.0
156.58,15438.0
156.51,15263.0
155.93,13898.0
155.9,17871.0
155.8,17899.0
155.43,14813.0
155.37,17832.0
155.35,12738.0
155.24,16720.0
155.17,15447.0
155.05,13809.0
155.0,14368.0
154.99,14046.0
154.95,17698.0
154.88,15740.0
154.83,17026.0
154.7,14295.0
154.41,15226.0
153.94,17517.0
153.92,17286.0
153.9,16351.0
153.12,12602.0
153.0,17714.0
152.94,16248.0
152.68,17984.0
152.65,18138.0
152.55,14066.0
152.4,17707.0
152.2,13514.0
152.2,14039.0
152.06,17898.0
151.85,16617.0
151.83,16412.0
151.74,14208.0
151.65,16861.0
151.42,16461.0
151.3,13697.0
151.23,14287.0
151.05,16337.0
150.3,15717.0
149.89,17234.0
149.64,15869.0
149.58,17946.0
149.48,18262.0
149.31,15748.0
149.29,15435.0
149.05,13003.0
148.86,17549.0
148.44,15526.0
148.21,17859.0
147.59,14968.0
147.35,14098.0
147.2,14037.0
147.12,12864.0
147.09,15503.0
146.87,17030.0
146.85,14238.0
145.93,16893.0
145.79,17935.0
145.67,13866.0
145.35,15937.0
145.0,17524.0
144.91,16852.0
144.8,12974.0
144.0,17186.0
144.0,12587.0
143.25,13462.0
143.1,15705.0
142.5,16287.0
142.5,13299.0
142.4,14386.0
142.4,13584.0
141.86,13561.0
141.41,14041.0
141.27,15888.0
140.7,16598.0
140.54,15388.0
140.35,13420.0
140.34,13483.0
139.56,14494.0
139.54,14073.0
139.5,14768.0
139.35,17718.0
139.35,16483.0
139.26,14772.0
139.1,18209.0
138.98,13273.0
138.9,18269.0
138.68,12902.0
138.6,14581.0
138.32,17122.0
138.28,13716.0
138.14,15663.0
138.03,12512.0
137.9,16050.0
137.45,17709.0
137.0,17468.0
136.8,15691.0
136.77,14247.0
136.04,17972.0
135.95,12968.0
135.93,15042.0
135.9,14889.0
135.86,15419.0
135.75,16114.0
135.75,15174.0
135.4,16665.0
135.31,15276.0
135.18,12851.0
134.8,16055.0
134.7,14340.0
134.55,15562.0
134.46,14174.0
134.16,14586.0
134.1,12837.0
134.04,14280.0
133.62,13217.0
133.5,14349.0
133.4,12445.0
133.35,17881.0
133.25,15709.0
133.06,17647.0
131.94,17785.0
131.9,14438.0
131.78,17297.0
131.7,17455.0
131.45,14795.0
131.17,12565.0
130.74,15844.0
129.75,16679.0
129.45,16623.0
129.2,14483.0
128.5,16828.0
127.86,17359.0
127.86,15543.0
127.84,13781.0
127.15,15135.0
127.1,15578.0
127.08,15923.0
126.7,14962.0
126.3,13279.0
126.25,16414.0
126.14,15463.0
126.12,16988.0
125.92,12814.0
125.8,13522.0
125.79,14861.0
125.65,14890.0
125.58,15017.0
125.22,12531.0
124.88,17148.0
124.74,17578.0
124.57,16849.0
124.2,16569.0
123.8,14495.0
123.24,16658.0
123.1,15917.0
123.07,17967.0
122.7,14413.0
122.7,13876.0
122.64,13638.0
122.54,14165.0
122.47,14076.0
122.14,18018.0
121.74,13244.0
121.18,13182.0
121.17,15049.0
121.0,15512.0
120.99,16611.0
120.95,13002.0
120.9,17446.0
120.03,18015.0
120.0,14314.0
120.0,14259.0
119.93,14453.0
119.62,16542.0
119.3,15266.0
118.98,16666.0
118.95,15843.0
118.8,17079.0
118.75,14155.0
118.0,13581.0
117.88,13193.0
117.55,17654.0
117.47,15836.0
117.35,16959.0
117.24,13877.0
116.2,17117.0
116.01,17601.0
116.01,13170.0
115.8,14143.0
115.65,15350.0
115.46,13067.0
115.31,18027.0
114.77,14972.0
114.6,13188.0
114.56,16247.0
114.56,14632.0
114.39,14974.0
114.34,17852.0
114.23,17219.0
114.18,14652.0
114.14,12938.0
114.11,14582.0
114.1,15221.0
114.0,12651.0
114.0,12504.0
113.64,14457.0
113.5,17217.0
113.5,15445.0
113.48,18105.0
113.44,16913.0
113.12,15280.0
112.8,14689.0
112.75,16697.0
112.75,13161.0
112.6,13807.0
112.55,18129.0
112.46,15610.0
112.4,17038.0
112.32,14271.0
112.25,17893.0
112.08,12756.0
111.98,17274.0
111.68,17957.0
111.35,17887.0
111.15,18120.0
110.97,13508.0
110.95,13144.0
110.92,15537.0
110.8,15853.0
110.8,13519.0
110.75,17349.0
110.55,16963.0
110.46,14641.0
110.4,12734.0
110.38,16792.0
110.38,17901.0
110.21,17836.0
109.95,16339.0
109.8,13133.0
109.36,16363.0
109.13,14699.0
108.98,14345.0
108.5,17639.0
108.38,16106.0
108.21,13226.0
108.07,12956.0
107.95,14661.0
107.6,16784.0
107.45,15395.0
106.83,16757.0
106.56,15168.0
106.2,15070.0
106.1,17791.0
105.1,12929.0
104.9,15775.0
104.82,14027.0
104.76,15607.0
104.35,15958.0
104.0,18174.0
103.3,18255.0
103.25,14542.0
102.83,17962.0
102.79,18011.0
102.45,14836.0
102.12,14981.0
102.0,16462.0
102.0,13948.0
101.7,16516.0
101.7,18068.0
101.55,17643.0
101.4,16006.0
101.34,18086.0
101.19,13101.0
101.17,13235.0
101.1,16344.0
100.9,14946.0
100.8,17427.0
100.5,14371.0
99.77,15973.0
99.5,13703.0
99.14,17939.0
98.8,17746.0
98.45,15256.0
98.42,17538.0
98.0,17895.0
97.97,18033.0
97.7,15422.0
97.63,18277.0
97.5,12984.0
96.8,17325.0
96.6,15216.0
96.12,14642.0
95.85,17024.0
95.34,18249.0
95.2,12548.0
94.36,16387.0
94.35,16073.0
94.2,13651.0
94.0,15397.0
93.78,15428.0
93.75,18227.0
93.66,13283.0
93.35,17991.0
92.72,12821.0
92.46,14054.0
91.85,12789.0
91.8,13551.0
91.8,13160.0
91.68,12659.0
91.32,15488.0
90.6,14353.0
90.6,13947.0
90.3,16506.0
90.12,15552.0
90.04,16597.0
90.0,14117.0
89.94,14219.0
89.14,12686.0
89.06,14436.0
89.0,12353.0
88.95,15212.0
88.2,15083.0
87.53,18084.0
87.5,15180.0
87.4,13296.0
86.12,16498.0
85.13,15541.0
85.0,13841.0
84.65,13666.0
84.3,12401.0
82.75,17309.0
82.56,16424.0
81.57,13006.0
81.44,17620.0
80.82,18281.0
80.8,16789.0
80.7,13967.0
80.64,17752.0
80.2,14109.0
79.6,13747.0
79.2,16078.0
79.2,15753.0
77.5,17942.0
77.4,14785.0
77.3,13132.0
76.8,13992.0
76.55,14373.0
76.5,17536.0
76.32,18113.0
76.32,16148.0
76.32,15668.0
76.32,14090.0
76.1,17995.0
75.75,17628.0
75.66,16610.0
75.0,13403.0
74.9,16468.0
74.4,18050.0
74.4,13095.0
73.78,17960.0
73.5,18032.0
73.5,12506.0
73.2,16171.0
72.9,17906.0
72.0,13686.0
71.66,13938.0
71.4,13185.0
71.0,17022.0
70.44,16581.0
70.02,18037.0
68.84,15863.0
67.95,14393.0
65.4,17382.0
64.65,17747.0
64.23,13684.0
64.0,13130.0
63.75,13302.0
63.44,17263.0
62.85,14840.0
62.64,13218.0
62.43,15516.0
62.0,15729.0
61.75,12665.0
60.7,13194.0
59.9,17174.0
59.8,13391.0
59.5,13682.0
59.5,13106.0
58.49,14957.0
58.08,13080.0
56.4,17775.0
56.25,15899.0
56.16,13366.0
53.8,14760.0
53.5,16349.0
52.83,15504.0
52.2,14865.0
52.0,15313.0
52.0,14682.0
51.56,17844.0
51.0,14351.0
50.55,13011.0
49.8,18184.0
48.8,14821.0
48.48,15603.0
46.95,16257.0
45.6,14080.0
43.5,15423.0
43.2,14300.0
41.99,15992.0
40.95,13832.0
40.5,15178.0
39.75,14589.0
39.24,12977.0
39.12,16659.0
38.45,18019.0
38.1,12855.0
37.4,16162.0
36.56,17816.0
35.4,17831.0
35.4,16856.0
35.4,14576.0
34.8,15744.0
34.0,16765.0
32.65,17408.0
31.8,15940.0
30.6,13120.0
30.0,15657.0
25.5,17102.0
20.8,17986.0
20.8,16953.0
17.0,16093.0
15.0,17900.0
15.0,17763.0
15.0,13307.0
12.75,17956.0
3.75,16738.0
2.9,16446.0
0.0,18274.0
0.0,18268.0
0.0,18072.0
0.0,16878.0
0.0,16742.0
0.0,14792.0
0.0,14557.0
0.0,13762.0
0.0,13364.0
0.0,13256.0
0.0,12607.0
0.0,12558.0
0.0,12454.0
0.0,12346.0
-1.25,16995.0
-2.55,14679.0
-2.95,16428.0
-3.75,12943.0
-4.5,12505.0
-7.5,12605.0
-7.95,16138.0
-8.15,16454.0
-11.8,17547.0
-14.9,12870.0
-17.45,14777.0
-19.9,14119.0
-21.85,14627.0
-24.05,17820.0
-29.95,16061.0
-30.19,15590.0
-30.6,16579.0
-31.65,16262.0
-32.0,13693.0
-35.4,18141.0
-43.4,14437.0
-50.1,18256.0
-71.46,13672.0
-94.0,15638.0
-95.93,16546.0
-102.0,13829.0
-102.45,13958.0
-112.35,17065.0
-134.8,15728.0
-141.48,17548.0
-152.64,17307.0
-227.44,12666.0
-295.09,16252.0
-451.42,15802.0
-611.86,13154.0
-840.76,15823.0
-1126.0,12503.0
-1165.3,17603.0
-1192.2,14213.0
-1592.49,15369.0
-4287.63,17448.0
